"","region_code","year","clams","mussels","oysters"
"5","CA",2005,6.35029209075656,272.155375318138,4535.92292196897
"2","CA",2008,336.321901749188,142.881572042023,4205.25187299597
"6","OR",2005,NA,NA,2853.09551791848
"3","OR",2008,NA,NA,1079.54421232111
"4","WA",2005,3855.53448367363,952.543813613484,34926.6064991611
"1","WA",2008,4318.19862171446,1247.37880354147,27669.1298240107
