"region_code","year","clams","mussels","oysters"
"CA",2005,6.35029209075656,272.155375318138,4535.92292196897
"CA",2008,336.321901749188,142.881572042023,4205.25187299597
"OR",2005,,,2853.09551791848
"OR",2008,,,1079.54421232111
"WA",2005,3855.53448367363,952.543813613484,34926.6064991611
"WA",2008,4318.19862171446,1247.37880354147,27669.1298240107
